,site,sample_down_to,matrix_size,mv_avg_width,nse,pbias,rmse
0,BEN,42,1000,300,[0.63154861],[0.10342981],[3.70454592]
1,BEN,42,1000,500,[0.63491923],[0.08753132],[3.68756224]
2,BEN,42,1000,750,[0.64851491],[0.07879289],[3.61824805]
3,BEN,42,1000,1000,[0.66606595],[0.07477233],[3.52675453]
4,BEN,21,2000,300,[0.63688467],[0.10047641],[3.67762274]
5,BEN,21,2000,500,[0.63967155],[0.09080967],[3.66348281]
6,BEN,21,2000,750,[0.65159177],[0.08485616],[3.60237636]
7,BEN,21,2000,1000,[0.6640347],[0.08236268],[3.5374645]
8,BEN,14,3000,300,[0.62872371],[0.12020731],[3.71872006]
9,BEN,14,3000,500,[0.63410842],[0.10927673],[3.69165483]
10,BEN,14,3000,750,[0.64705227],[0.10281567],[3.62576854]
11,BEN,14,3000,1000,[0.66113707],[0.09935174],[3.5526867]
12,BEN,10,4000,300,[-2.33359913e+15],[1377172.45462923],[2.94820724e+08]
13,BEN,10,4000,500,[-2.10351008e+15],[1565333.60301605],[2.79909204e+08]
14,BEN,10,4000,750,[-1.98091788e+15],[1826394.85288833],[2.71630239e+08]
15,BEN,10,4000,1000,[-1.93456059e+15],[1872204.30594919],[2.68433089e+08]
16,BLI,29,1000,300,[0.58393832],[-0.01483217],[3.45835018]
17,BLI,29,1000,500,[0.60572587],[-0.02196402],[3.36658239]
18,BLI,29,1000,750,[0.5883996],[-0.03140035],[3.43975889]
19,BLI,29,1000,1000,[0.57041223],[-0.04716683],[3.51411576]
20,BLI,14,2000,300,[-2701.27298864],[-3.96176028],[278.7113902]
21,BLI,14,2000,500,[-1784.16791214],[-3.2747396],[226.53204389]
22,BLI,14,2000,750,[-1067.05627308],[-2.29237549],[175.22141173]
23,BLI,14,2000,1000,[-733.30650334],[-1.61122184],[145.28768196]
24,BLI,9,3000,300,[-1.08502889e+13],[-60133.03267695],[17660815.69540536]
25,BLI,9,3000,500,[-1.07377681e+13],[-52642.63548206],[17569003.06840018]
26,BLI,9,3000,750,[-1.068326e+13],[-48268.15496656],[17524353.58125823]
27,BLI,9,3000,1000,[-1.0650607e+13],[-47758.69070549],[17497551.80732392]
28,BLI,7,4000,300,[-6.22153992e+14],[3460514.52568103],[1.33733144e+08]
29,BLI,7,4000,500,[-4.92055404e+14],[3010491.85492036],[1.18931559e+08]
30,BLI,7,4000,750,[-4.38044632e+14],[2643658.51991621],[1.1221458e+08]
31,BLI,7,4000,1000,[-4.272058e+14],[2460537.13406521],[1.10817584e+08]
32,BSL,79,1000,300,[0.85075084],[-0.138737],[6.2117644]
33,BSL,79,1000,500,[0.86343504],[-0.11211754],[5.94194552]
34,BSL,79,1000,750,[0.86711045],[-0.10306851],[5.86144159]
35,BSL,79,1000,1000,[0.86460628],[-0.10486526],[5.9164103]
36,BSL,39,2000,300,[0.87084471],[-0.1160275],[5.77850025]
37,BSL,39,2000,500,[0.87577739],[-0.10241288],[5.66708011]
38,BSL,39,2000,750,[0.87555307],[-0.09709217],[5.67219473]
39,BSL,39,2000,1000,[0.87041908],[-0.09962981],[5.78801394]
40,BSL,26,3000,300,[0.87077021],[-0.12926791],[5.78016648]
41,BSL,26,3000,500,[0.87448385],[-0.11754856],[5.69650973]
42,BSL,26,3000,750,[0.87431461],[-0.11263111],[5.70034878]
43,BSL,26,3000,1000,[0.87023507],[-0.11373007],[5.79212203]
44,BSL,19,4000,300,[0.85305757],[-0.1423208],[6.16357444]
45,BSL,19,4000,500,[0.86113535],[-0.1276462],[5.99176652]
46,BSL,19,4000,750,[0.86439127],[-0.1232046],[5.92110628]
47,BSL,19,4000,1000,[0.86264763],[-0.12363937],[5.95905114]
48,CLE,64,1000,300,[0.76274653],[-0.05505315],[4.43827268]
49,CLE,64,1000,500,[0.79037206],[-0.06054374],[4.17188452]
50,CLE,64,1000,750,[0.78607515],[-0.05025813],[4.21442476]
51,CLE,64,1000,1000,[0.77489218],[-0.04244473],[4.32317667]
52,CLE,32,2000,300,[0.7755277],[-0.06204801],[4.31706976]
53,CLE,32,2000,500,[0.79295237],[-0.06620712],[4.14612913]
54,CLE,32,2000,750,[0.78685947],[-0.05924502],[4.20669192]
55,CLE,32,2000,1000,[0.77619594],[-0.05230809],[4.3106392]
56,CLE,21,3000,300,[0.77765854],[-0.06459181],[4.29653071]
57,CLE,21,3000,500,[0.79138597],[-0.06518788],[4.16178311]
58,CLE,21,3000,750,[0.78691919],[-0.06129807],[4.2061026]
59,CLE,21,3000,1000,[0.77648025],[-0.05705616],[4.30790033]
60,CLE,16,4000,300,[0.76856604],[-0.06665861],[4.38350227]
61,CLE,16,4000,500,[0.78466628],[-0.06803514],[4.2282798]
62,CLE,16,4000,750,[0.78076971],[-0.06188504],[4.26636461]
63,CLE,16,4000,1000,[0.77225142],[-0.05627078],[4.34846052]
64,CRB,49,1000,300,[0.39518428],[0.02470489],[6.17176606]
65,CRB,49,1000,500,[0.39999574],[0.02399084],[6.14716806]
66,CRB,49,1000,750,[0.40421338],[0.01954673],[6.12552467]
67,CRB,49,1000,1000,[0.40672458],[0.01156754],[6.11260171]
68,CRB,24,2000,300,[0.36138213],[0.0420934],[6.34188631]
69,CRB,24,2000,500,[0.38448124],[0.03439778],[6.22613547]
70,CRB,24,2000,750,[0.40525373],[0.02846485],[6.12017417]
71,CRB,24,2000,1000,[0.40772529],[0.02348587],[6.1074443]
72,CRB,16,3000,300,[0.35930541],[0.03849581],[6.35218951]
73,CRB,16,3000,500,[0.37907502],[0.03310765],[6.25341838]
74,CRB,16,3000,750,[0.39976396],[0.02928698],[6.14835525]
75,CRB,16,3000,1000,[0.40226898],[0.02580287],[6.13551211]
76,CRB,12,4000,300,[0.34577393],[0.04694632],[6.41891823]
77,CRB,12,4000,500,[0.36676389],[0.04067913],[6.31510762]
78,CRB,12,4000,750,[0.38789594],[0.03631993],[6.20884115]
79,CRB,12,4000,1000,[0.39280829],[0.03261706],[6.18387692]
80,DAI,27,1000,300,[0.63016473],[0.12278684],[5.7906811]
81,DAI,27,1000,500,[0.65451722],[0.10868888],[5.59678581]
82,DAI,27,1000,750,[0.66183673],[0.11352363],[5.53718077]
83,DAI,27,1000,1000,[0.67852044],[0.11965439],[5.39886131]
84,DAI,13,2000,300,[0.55125861],[0.08548913],[6.3785733]
85,DAI,13,2000,500,[0.59664612],[0.07590745],[6.04739878]
86,DAI,13,2000,750,[0.62204272],[0.07566185],[5.85392079]
87,DAI,13,2000,1000,[0.64011331],[0.078425],[5.71226544]
88,DAI,9,3000,300,[0.63057462],[0.11669621],[5.78747133]
89,DAI,9,3000,500,[0.64350941],[0.114332],[5.68524942]
90,DAI,9,3000,750,[0.64750889],[0.12013514],[5.65326793]
91,DAI,9,3000,1000,[0.65439426],[0.12473598],[5.59778176]
92,DAI,6,4000,300,[-3.88397419e+12],[555.96246903],[18765651.80940909]
93,DAI,6,4000,500,[-3.83921956e+12],[8434.88049328],[18657221.21272723]
94,DAI,6,4000,750,[-3.80699969e+12],[12148.58463281],[18578767.80460884]
95,DAI,6,4000,1000,[-3.78770195e+12],[9949.82698752],[18531619.93863807]
96,DFF,68,1000,300,[0.74080763],[0.00954287],[4.83785369]
97,DFF,68,1000,500,[0.78324306],[0.03430976],[4.42413261]
98,DFF,68,1000,750,[0.79206694],[0.04794557],[4.33314673]
99,DFF,68,1000,1000,[0.79591898],[0.05742544],[4.29282249]
100,DFF,34,2000,300,[0.74457973],[-0.00327001],[4.80252136]
101,DFF,34,2000,500,[0.7736727],[0.02073244],[4.52074593]
102,DFF,34,2000,750,[0.77748189],[0.03609511],[4.48254139]
103,DFF,34,2000,1000,[0.77943981],[0.047492],[4.46277704]
104,DFF,22,3000,300,[0.66376601],[-0.04700809],[5.51013749]
105,DFF,22,3000,500,[0.68891535],[-0.01201994],[5.30006158]
106,DFF,22,3000,750,[0.69809081],[0.00915575],[5.22131379]
107,DFF,22,3000,1000,[0.70510864],[0.02300436],[5.16027269]
108,DFF,17,4000,300,[0.74154481],[-0.01761029],[4.83096907]
109,DFF,17,4000,500,[0.76125824],[0.00801691],[4.64307638]
110,DFF,17,4000,750,[0.76313525],[0.02190657],[4.62478813]
111,DFF,17,4000,1000,[0.76548177],[0.03222461],[4.60182324]
112,DFL,24,1000,300,[-3159054.70602127],[149.08367848],[10590.07098977]
113,DFL,24,1000,500,[-2758603.01766599],[164.86061499],[9896.11905596]
114,DFL,24,1000,750,[-2549445.62300312],[173.72579472],[9513.56283892]
115,DFL,24,1000,1000,[-2374399.04685984],[172.15113507],[9181.15195505]
116,DFM,44,1000,300,[0.54283953],[-0.0203592],[4.0621101]
117,DFM,44,1000,500,[0.58042404],[-0.02886848],[3.89155036]
118,DFM,44,1000,750,[0.58784296],[-0.03316172],[3.85699182]
119,DFM,44,1000,1000,[0.54232519],[-0.03253858],[4.06439453]
120,DFM,22,2000,300,[0.54570165],[-0.01604941],[4.04937441]
121,DFM,22,2000,500,[0.57934873],[-0.0191589],[3.89653389]
122,DFM,22,2000,750,[0.58592087],[-0.02146961],[3.86597485]
123,DFM,22,2000,1000,[0.54939995],[-0.02110483],[4.03285837]
124,DFM,14,3000,300,[-1.01808776e+12],[42027.74969486],[6061916.67528606]
125,DFM,14,3000,500,[-8.3720162e+11],[46883.79830579],[5497084.13671391]
126,DFM,14,3000,750,[-7.32342831e+11],[47747.48404574],[5141319.23956581]
127,DFM,14,3000,1000,[-6.77227922e+11],[45679.322125],[4944071.94487469]
128,DFM,11,4000,300,[0.54308129],[-0.01069458],[4.06103585]
129,DFM,11,4000,500,[0.56633827],[-0.01279622],[3.95633358]
130,DFM,11,4000,750,[0.57357568],[-0.01410204],[3.92318092]
131,DFM,11,4000,1000,[0.55081025],[-0.01357165],[4.02654237]
132,DFU,28,1000,300,[0.82064762],[-0.12063113],[3.72066801]
133,DFU,28,1000,500,[0.82608144],[-0.09902838],[3.66387213]
134,DFU,28,1000,750,[0.82374232],[-0.08143371],[3.68842857]
135,DFU,28,1000,1000,[0.81740343],[-0.06789067],[3.75416756]
136,HCL,64,1000,300,[0.78035242],[0.01491918],[5.58124757]
137,HCL,64,1000,500,[0.80336467],[-0.00171711],[5.28078944]
138,HCL,64,1000,750,[0.83290932],[-0.02756088],[4.86792848]
139,HCL,64,1000,1000,[0.84436039],[-0.04667117],[4.6981637]
140,HCL,32,2000,300,[0.77691588],[0.01281135],[5.6247394]
141,HCL,32,2000,500,[0.8014208],[-0.00386635],[5.30682732]
142,HCL,32,2000,750,[0.82963094],[-0.02773426],[4.91545174]
143,HCL,32,2000,1000,[0.84073806],[-0.04406875],[4.75252131]
144,HCL,21,3000,300,[0.73289852],[0.02713144],[6.15469057]
145,HCL,21,3000,500,[0.77045639],[0.01054034],[5.70559158]
146,HCL,21,3000,750,[0.80406132],[-0.01362422],[5.27142662]
147,HCL,21,3000,1000,[0.82093223],[-0.03046337],[5.03937625]
148,HCL,16,4000,300,[0.77795326],[0.01779845],[5.61164611]
149,HCL,16,4000,500,[0.80084487],[0.00284031],[5.31451735]
150,HCL,16,4000,750,[0.82610962],[-0.01750533],[4.96599017]
151,HCL,16,4000,1000,[0.83535256],[-0.03085576],[4.83220744]
152,HCN,70,1000,300,[0.33573862],[-0.00832731],[3.46601807]
153,HCN,70,1000,500,[0.30100995],[-0.00453161],[3.55546836]
154,HCN,70,1000,750,[0.26944719],[-0.00133401],[3.6348553]
155,HCN,70,1000,1000,[0.26363654],[-0.00300417],[3.64928208]
156,HCN,35,2000,300,[0.34686298],[-0.00247193],[3.4368729]
157,HCN,35,2000,500,[0.31014544],[-0.00098078],[3.53215774]
158,HCN,35,2000,750,[0.28424219],[-0.0001799],[3.59786089]
159,HCN,35,2000,1000,[0.28190268],[-0.00238309],[3.60373604]
160,HCN,23,3000,300,[0.30600053],[-0.00119143],[3.54275313]
161,HCN,23,3000,500,[0.28322294],[0.00270758],[3.6004217]
162,HCN,23,3000,750,[0.27502187],[0.00287726],[3.62096039]
163,HCN,23,3000,1000,[0.27866438],[0.00075814],[3.61185254]
164,HCN,17,4000,300,[0.31640588],[0.00551157],[3.51609402]
165,HCN,17,4000,500,[0.29198732],[0.00635168],[3.57834195]
166,HCN,17,4000,750,[0.27511479],[0.00621972],[3.62072832]
167,HCN,17,4000,1000,[0.27587316],[0.00403889],[3.61883385]
168,HCS,69,1000,300,[0.60068284],[0.03310757],[3.76764501]
169,HCS,69,1000,500,[0.61126736],[0.01915803],[3.71737605]
170,HCS,69,1000,750,[0.58865178],[0.00804485],[3.82398165]
171,HCS,69,1000,1000,[0.58094052],[-0.00020496],[3.85965802]
172,HCS,34,2000,300,[-5398820.54937266],[-163.81319793],[13853.53090086]
173,HCS,34,2000,500,[-3572837.51757732],[-131.69338553],[11269.83831178]
174,HCS,34,2000,750,[-2216382.12699233],[-89.3489368],[8876.32937029]
175,HCS,34,2000,1000,[-1877813.56381679],[-77.9129882],[8170.2875742]
176,HCS,23,3000,300,[0.62015486],[0.03196263],[3.67463559]
177,HCS,23,3000,500,[0.63039588],[0.0239482],[3.62476113]
178,HCS,23,3000,750,[0.61333197],[0.01556197],[3.70749115]
179,HCS,23,3000,1000,[0.604929],[0.00915819],[3.74755976]
180,IND,54,1000,300,[0.83588351],[-0.02122426],[4.97865881]
181,IND,54,1000,500,[0.85351431],[0.01083832],[4.70363763]
182,IND,54,1000,750,[0.8599218],[0.02860631],[4.59961548]
183,IND,54,1000,1000,[0.86221214],[0.03517111],[4.5618577]
184,IND,27,2000,300,[0.82142567],[-0.01716937],[5.19332816]
185,IND,27,2000,500,[0.83776429],[0.01186903],[4.95004884]
186,IND,27,2000,750,[0.84418856],[0.02926273],[4.85105186]
187,IND,27,2000,1000,[0.84696241],[0.03588572],[4.80767729]
188,IND,18,3000,300,[0.82283614],[-0.01055624],[5.1727777]
189,IND,18,3000,500,[0.83648754],[0.01376886],[4.96948835]
190,IND,18,3000,750,[0.84167415],[0.0301294],[4.89003729]
191,IND,18,3000,1000,[0.84381685],[0.03585122],[4.85683489]
192,IND,13,4000,300,[-4.34506519e+10],[33969.20228754],[2561736.16466813]
193,IND,13,4000,500,[-3.0804161e+10],[35476.0381343],[2156954.29925153]
194,IND,13,4000,750,[-2.41885094e+10],[33815.73166118],[1911352.56603593]
195,IND,13,4000,1000,[-2.23155073e+10],[32456.45928658],[1835860.31377154]
196,LAK,42,1000,300,[0.58556032],[0.03482752],[3.38822056]
197,LAK,42,1000,500,[0.59254486],[0.03570146],[3.35954846]
198,LAK,42,1000,750,[0.62144462],[0.03477569],[3.23821531]
199,LAK,42,1000,1000,[0.6319772],[0.03569645],[3.19284893]
200,LAK,21,2000,300,[0.61274406],[0.03647244],[3.27521679]
201,LAK,21,2000,500,[0.61015515],[0.03642245],[3.28614642]
202,LAK,21,2000,750,[0.63029586],[0.0362882],[3.200134]
203,LAK,21,2000,1000,[0.6349934],[0.03666292],[3.17973823]
204,LAK,14,3000,300,[0.63618886],[0.05019026],[3.17452687]
205,LAK,14,3000,500,[0.6318207],[0.04846607],[3.19352774]
206,LAK,14,3000,750,[0.64203079],[0.04781628],[3.1489361]
207,LAK,14,3000,1000,[0.64148556],[0.04757994],[3.15133327]
208,LAK,10,4000,300,[-241567.89351079],[-35.98638854],[2586.79203321]
209,LAK,10,4000,500,[-207107.37860156],[-30.61948756],[2395.18930648]
210,LAK,10,4000,750,[-181856.38631197],[-25.65840602],[2244.43215606]
211,LAK,10,4000,1000,[-168057.16202445],[-22.61568422],[2157.59940901]
212,LDF,42,1000,300,[0.48792366],[0.0459536],[3.47665004]
213,LDF,42,1000,500,[0.46708599],[0.06326524],[3.54668152]
214,LDF,42,1000,750,[0.43938815],[0.06435135],[3.63768223]
215,LDF,42,1000,1000,[0.42416157],[0.06098574],[3.68675215]
216,LDF,21,2000,300,[0.47528004],[0.05175554],[3.51930909]
217,LDF,21,2000,500,[0.46698683],[0.06346813],[3.54701144]
218,LDF,21,2000,750,[0.45064275],[0.06273074],[3.60098285]
219,LDF,21,2000,1000,[0.43890654],[0.05869759],[3.63924441]
220,LDF,14,3000,300,[0.46111889],[0.05670673],[3.56648254]
221,LDF,14,3000,500,[0.45666242],[0.06664309],[3.58119931]
222,LDF,14,3000,750,[0.4465963],[0.06577955],[3.61422055]
223,LDF,14,3000,1000,[0.4375389],[0.06123278],[3.64367697]
224,LDF,10,4000,300,[-1.05120136e+13],[-78662.77223594],[15752031.77172656]
225,LDF,10,4000,500,[-7.52699031e+12],[-86513.90802704],[13329206.6015473]
226,LDF,10,4000,750,[-6.77927676e+12],[-61958.78572751],[12649847.88123599]
227,LDF,10,4000,1000,[-6.47691568e+12],[-55895.03274834],[12364533.70529664]
228,MIT,54,1000,300,[0.7746452],[-0.04579482],[5.08424097]
229,MIT,54,1000,500,[0.77818148],[-0.02045767],[5.04419208]
230,MIT,54,1000,750,[0.78252545],[-0.00233955],[4.99455657]
231,MIT,54,1000,1000,[0.78220372],[0.00947881],[4.99824964]
232,MIT,27,2000,300,[0.76794784],[-0.08200688],[5.15923756]
233,MIT,27,2000,500,[0.77676218],[-0.05277674],[5.06030399]
234,MIT,27,2000,750,[0.78084065],[-0.03145951],[5.01386598]
235,MIT,27,2000,1000,[0.78092851],[-0.01771074],[5.01286079]
236,MIT,18,3000,300,[0.77701196],[-0.06994554],[5.05747219]
237,MIT,18,3000,500,[0.78415536],[-0.05028183],[4.97580501]
238,MIT,18,3000,750,[0.78569855],[-0.03480981],[4.95798575]
239,MIT,18,3000,1000,[0.78414789],[-0.02342234],[4.97589113]
240,MIT,13,4000,300,[-4.24816527],[-0.1868328],[24.53558783]
241,MIT,13,4000,500,[-2.43988148],[-0.10299577],[19.86389705]
242,MIT,13,4000,750,[-1.68200763],[-0.06806083],[17.53972259]
243,MIT,13,4000,1000,[-1.25283288],[-0.0474344],[16.0752303]
244,NEB,75,1000,300,[0.76943049],[-0.04608688],[4.68162693]
245,NEB,75,1000,500,[0.77809773],[-0.0229945],[4.59279157]
246,NEB,75,1000,750,[0.7851208],[-0.00129169],[4.51952769]
247,NEB,75,1000,1000,[0.78457761],[0.00781287],[4.52523654]
248,NEB,37,2000,300,[0.77489431],[-0.04778169],[4.62582401]
249,NEB,37,2000,500,[0.78922949],[-0.02927297],[4.47611041]
250,NEB,37,2000,750,[0.78876068],[-0.01038804],[4.48108569]
251,NEB,37,2000,1000,[0.78543024],[-0.00146989],[4.51627231]
252,NEB,25,3000,300,[0.7808412],[-0.05345459],[4.56431201]
253,NEB,25,3000,500,[0.79382884],[-0.0358093],[4.42700313]
254,NEB,25,3000,750,[0.79604526],[-0.01944483],[4.40314275]
255,NEB,25,3000,1000,[0.79153539],[-0.01293862],[4.45155804]
256,NEB,18,4000,300,[-3069320.09849279],[99.94389969],[17081.14696661]
257,NEB,18,4000,500,[-2078322.81370185],[95.29194431],[14055.69983111]
258,NEB,18,4000,750,[-1616913.56643219],[86.66047336],[12397.65091986]
259,NEB,18,4000,1000,[-1462278.63742542],[79.0636058],[11789.92610791]
260,PBC,58,1000,300,[0.64685575],[0.03277963],[3.79769888]
261,PBC,58,1000,500,[0.65797649],[0.0300871],[3.73742457]
262,PBC,58,1000,750,[0.67740194],[0.020443],[3.62973845]
263,PBC,58,1000,1000,[0.67530873],[0.00265116],[3.64149536]
264,PBC,29,2000,300,[0.66103571],[0.03775609],[3.72067236]
265,PBC,29,2000,500,[0.66972563],[0.02858666],[3.67266987]
266,PBC,29,2000,750,[0.68620065],[0.01420752],[3.57989654]
267,PBC,29,2000,1000,[0.68429303],[-0.00162113],[3.59076133]
268,PBC,19,3000,300,[0.61195997],[0.0109239],[3.98091333]
269,PBC,19,3000,500,[0.63158078],[0.00652031],[3.87896264]
270,PBC,19,3000,750,[0.65473441],[-0.00090037],[3.75509656]
271,PBC,19,3000,1000,[0.65592602],[-0.01078002],[3.748611]
272,PBC,14,4000,300,[0.55269918],[0.03870173],[4.27409633]
273,PBC,14,4000,500,[0.5722206],[0.03082892],[4.17978929]
274,PBC,14,4000,750,[0.5931053],[0.01981719],[4.07648148]
275,PBC,14,4000,1000,[0.60076567],[0.00835342],[4.03792638]
276,SBL,44,1000,300,[0.82577736],[0.08205891],[5.20486131]
277,SBL,44,1000,500,[0.85360389],[0.06375607],[4.77113424]
278,SBL,44,1000,750,[0.86116594],[0.05040795],[4.64627456]
279,SBL,44,1000,1000,[0.86806363],[0.04059076],[4.5293838]
280,SBL,22,2000,300,[0.8347691],[0.10607347],[5.06876894]
281,SBL,22,2000,500,[0.85208189],[0.08801691],[4.79587152]
282,SBL,22,2000,750,[0.85760835],[0.07615999],[4.70542789]
283,SBL,22,2000,1000,[0.86308437],[0.0683605],[4.61406144]
284,SBL,14,3000,300,[0.75946459],[0.09425868],[6.11570282]
285,SBL,14,3000,500,[0.79309369],[0.08620261],[5.67209798]
286,SBL,14,3000,750,[0.81358062],[0.08315102],[5.38396698]
287,SBL,14,3000,1000,[0.82561457],[0.07960776],[5.2072923]
288,SBL,11,4000,300,[0.83076746],[0.12205302],[5.12978064]
289,SBL,11,4000,500,[0.8435709],[0.10778412],[4.93191552]
290,SBL,11,4000,750,[0.84827783],[0.09918764],[4.8571485]
291,SBL,11,4000,1000,[0.8520161],[0.0941031],[4.79693782]
292,SFL,50,1000,300,[0.41778247],[0.03201423],[10.86670778]
293,SFL,50,1000,500,[0.474722],[-0.01265565],[10.32166968]
294,SFL,50,1000,750,[0.4655999],[-0.02721665],[10.4109082]
295,SFL,50,1000,1000,[0.4498083],[-0.03141938],[10.56361019]
296,SFL,25,2000,300,[0.4059186],[0.05481196],[10.97686515]
297,SFL,25,2000,500,[0.46417262],[0.00780209],[10.42480171]
298,SFL,25,2000,750,[0.45894055],[-0.00513272],[10.47557437]
299,SFL,25,2000,1000,[0.45174169],[-0.00558467],[10.54503351]
300,SFL,16,3000,300,[-1581.9713522],[-3.16509316],[566.61997263]
301,SFL,16,3000,500,[-1474.95303077],[-3.18315688],[547.13137475]
302,SFL,16,3000,750,[-1402.0560535],[-3.03794702],[533.44894685]
303,SFL,16,3000,1000,[-1365.53161138],[-2.8729513],[526.45977324]
304,SFL,12,4000,300,[-1.62971869e+08],[-1428.4795007],[181807.44983783]
305,SFL,12,4000,500,[-1.23709322e+08],[-1355.48741002],[158400.50633915]
306,SFL,12,4000,750,[-1.00639554e+08],[-1070.11127266],[142869.55958686]
307,SFL,12,4000,1000,[-91072592.19537391],[-907.17101965],[135909.30841775]
308,SHE,29,1000,300,[0.69760887],[-0.00257474],[4.10464695]
309,SHE,29,1000,500,[0.69726161],[0.00255882],[4.1070031]
310,SHE,29,1000,750,[0.69358784],[-0.00229261],[4.13184744]
311,SHE,29,1000,1000,[0.68792984],[-0.005023],[4.16982091]
312,SHE,14,2000,300,[0.67638042],[-0.05898775],[4.24628049]
313,SHE,14,2000,500,[0.70036064],[-0.05087128],[4.08592805]
314,SHE,14,2000,750,[0.69595171],[-0.05290212],[4.11587868]
315,SHE,14,2000,1000,[0.68897773],[-0.05356178],[4.16281416]
316,SHE,9,3000,300,[-8.23326751e+10],[9044.61258445],[2141792.51148335]
317,SHE,9,3000,500,[-7.87360788e+10],[7838.01695969],[2094489.43265642]
318,SHE,9,3000,750,[-7.62087627e+10],[5983.42919685],[2060600.20087199]
319,SHE,9,3000,1000,[-7.49607839e+10],[4593.96763039],[2043658.57612736]
320,SHE,7,4000,300,[-585894.07020354],[29.30586192],[5713.4864838]
321,SHE,7,4000,500,[-560489.92260796],[19.91831811],[5588.24674875]
322,SHE,7,4000,750,[-556581.67955162],[18.26846673],[5568.72954394]
323,SHE,7,4000,1000,[-555412.18037357],[18.27833093],[5562.87592186]
324,SHE_,22,1000,300,[-4.21584728],[0.69457185],[17.34129928]
325,SHE_,22,1000,500,[-3.12231364],[0.57227209],[15.41663944]
326,SHE_,22,1000,750,[-2.36036733],[0.47647682],[13.91914558]
327,SHE_,22,1000,1000,[-1.65208651],[0.39032217],[12.36553876]
328,SHE_,11,2000,300,[-2.57808966e+16],[1577758.72601919],[1.21918106e+09]
329,SHE_,11,2000,500,[-2.11875748e+16],[-1297232.00861703],[1.10524822e+09]
330,SHE_,11,2000,750,[-1.88012943e+16],[-365128.52364847],[1.04114945e+09]
331,SHE_,11,2000,1000,[-1.75049101e+16],[-402799.5941636],[1.00461381e+09]
332,SHE_,7,3000,300,[-4.59073166e+15],[3789094.06218409],[5.14470117e+08]
333,SHE_,7,3000,500,[-4.26888657e+15],[4128645.11753197],[4.96108316e+08]
334,SHE_,7,3000,750,[-4.02043379e+15],[3297855.01429411],[4.81454951e+08]
335,SHE_,7,3000,1000,[-3.82819437e+15],[2482480.0321391],[4.69803437e+08]
336,SHE_,5,4000,300,[-1.61497972e+16],[842835.94017373],[9.64945392e+08]
337,SHE_,5,4000,500,[-1.49845309e+16],[-100705.63379585],[9.29481555e+08]
338,SHE_,5,4000,750,[-1.44098745e+16],[-804898.8160276],[9.11484525e+08]
339,SHE_,5,4000,1000,[-1.40895499e+16],[-1472506.19731416],[9.01296656e+08]
340,SOL,56,1000,300,[-5600.04496385],[6.1448795],[1013.10614159]
341,SOL,56,1000,500,[-3918.99550035],[1.25667887],[847.54585219]
342,SOL,56,1000,750,[-2664.24424088],[-1.36626891],[698.85797482]
343,SOL,56,1000,1000,[-1356.13719788],[-2.59461782],[498.6918787]
344,SOL,28,2000,300,[-3.72812561e+12],[46822.58142404],[26137598.74473953]
345,SOL,28,2000,500,[-2.42876486e+12],[63341.97129593],[21096633.31566496]
346,SOL,28,2000,750,[-1.41999796e+12],[56023.84030765],[16131110.99126453]
347,SOL,28,2000,1000,[-1.1674858e+12],[55208.25360096],[14626695.54798656]
348,SOL_,44,1000,300,[0.56925279],[0.0521136],[3.06156307]
349,SOL_,44,1000,500,[0.56568828],[0.057593],[3.07420447]
350,SOL_,44,1000,750,[0.55133299],[0.05623298],[3.12459723]
351,SOL_,44,1000,1000,[0.51715425],[0.05204199],[3.24142652]
352,SOL_,22,2000,300,[0.56755714],[0.05520838],[3.0675831]
353,SOL_,22,2000,500,[0.56981947],[0.0612985],[3.05954856]
354,SOL_,22,2000,750,[0.55540195],[0.06018941],[3.11039645]
355,SOL_,22,2000,1000,[0.52632665],[0.0569076],[3.21049095]
356,SOL_,14,3000,300,[0.52843471],[0.0390655],[3.20333891]
357,SOL_,14,3000,500,[0.53419212],[0.04782719],[3.18372384]
358,SOL_,14,3000,750,[0.52908474],[0.04841219],[3.20113033]
359,SOL_,14,3000,1000,[0.51347997],[0.04669101],[3.25373616]
360,SOL_,11,4000,300,[0.55568156],[0.05419122],[3.10941824]
361,SOL_,11,4000,500,[0.55983148],[0.06003484],[3.09486323]
362,SOL_,11,4000,750,[0.55070605],[0.05916284],[3.12677953]
363,SOL_,11,4000,1000,[0.52903706],[0.05642588],[3.20129239]
364,STR,34,1000,300,[0.87049096],[0.16805433],[5.31440753]
365,STR,34,1000,500,[0.8846217],[0.12218058],[5.01610783]
366,STR,34,1000,750,[0.89695998],[0.08193376],[4.74032118]
367,STR,34,1000,1000,[0.90555678],[0.06605442],[4.53826854]
368,STR,17,2000,300,[0.86681538],[0.19318925],[5.38929364]
369,STR,17,2000,500,[0.88000967],[0.15240393],[5.11538042]
370,STR,17,2000,750,[0.89157985],[0.11799402],[4.86250217]
371,STR,17,2000,1000,[0.8993051],[0.10256522],[4.68606745]
372,STR,11,3000,300,[-2.44697977e+14],[-1872903.57483225],[2.31004263e+08]
373,STR,11,3000,500,[-2.07651555e+14],[-1568793.83052299],[2.12800379e+08]
374,STR,11,3000,750,[-1.84612736e+14],[-1290536.05033157],[2.00648369e+08]
375,STR,11,3000,1000,[-1.73858001e+14],[-1083015.55792175],[1.94716227e+08]
376,STR,8,4000,300,[-3.99797648e+14],[-960652.99157473],[2.95273806e+08]
377,STR,8,4000,500,[-3.38506099e+14],[-1003197.62657498],[2.71699008e+08]
378,STR,8,4000,750,[-3.17220169e+14],[-802581.06798201],[2.63017836e+08]
379,STR,8,4000,1000,[-3.07299403e+14],[-710924.93583096],[2.58872348e+08]
380,TCU,60,1000,300,[0.73780104],[0.0326729],[3.55677083]
381,TCU,60,1000,500,[0.74121071],[0.04400101],[3.53356879]
382,TCU,60,1000,750,[0.74444895],[0.06206402],[3.51139133]
383,TCU,60,1000,1000,[0.74432459],[0.07188887],[3.51224565]
384,TCU,30,2000,300,[0.75991296],[0.02794734],[3.4034922]
385,TCU,30,2000,500,[0.75552737],[0.04163667],[3.43443673]
386,TCU,30,2000,750,[0.75629792],[0.05621759],[3.42902]
387,TCU,30,2000,1000,[0.75498088],[0.06454462],[3.43827327]
388,TCU,20,3000,300,[0.74606436],[0.02054443],[3.50027551]
389,TCU,20,3000,500,[0.7446623],[0.03436549],[3.50992526]
390,TCU,20,3000,750,[0.74879131],[0.04934192],[3.4814305]
391,TCU,20,3000,1000,[0.74899898],[0.05751382],[3.4799912]
392,TCU,15,4000,300,[0.76409096],[0.01638071],[3.37374842]
393,TCU,15,4000,500,[0.76096102],[0.02857224],[3.3960554]
394,TCU,15,4000,750,[0.76201173],[0.04077415],[3.38858337]
395,TCU,15,4000,1000,[0.75960593],[0.04822726],[3.4056677]
396,TIE,64,1000,300,[0.41964955],[0.04577604],[3.68596504]
397,TIE,64,1000,500,[0.39100597],[0.04808038],[3.77583114]
398,TIE,64,1000,750,[0.38180799],[0.03604455],[3.80423855]
399,TIE,64,1000,1000,[0.38094343],[0.02879184],[3.80689779]
400,TIE,32,2000,300,[0.44151078],[0.03818603],[3.61587531]
401,TIE,32,2000,500,[0.41441519],[0.04167318],[3.70255014]
402,TIE,32,2000,750,[0.40449502],[0.03421409],[3.73378018]
403,TIE,32,2000,1000,[0.39927091],[0.02881431],[3.75012184]
404,TIE,21,3000,300,[0.41191307],[0.02179597],[3.71045194]
405,TIE,21,3000,500,[0.39720902],[0.02410209],[3.75655213]
406,TIE,21,3000,750,[0.4013511],[0.02117722],[3.7436233]
407,TIE,21,3000,1000,[0.40077705],[0.01916939],[3.74541779]
408,TIE,16,4000,300,[0.43652145],[0.02945281],[3.63199081]
409,TIE,16,4000,500,[0.42164426],[0.03220231],[3.6796251]
410,TIE,16,4000,750,[0.42015076],[0.02840725],[3.68437302]
411,TIE,16,4000,1000,[0.41832236],[0.02511777],[3.69017729]
412,WAN,64,1000,300,[0.5287086],[0.03945211],[3.71519309]
413,WAN,64,1000,500,[0.53828897],[0.0482773],[3.67723818]
414,WAN,64,1000,750,[0.51206567],[0.05761977],[3.78022214]
415,WAN,64,1000,1000,[0.50576122],[0.06346517],[3.8045653]
416,WAN,32,2000,300,[0.5508041],[0.03816578],[3.62705821]
417,WAN,32,2000,500,[0.55312432],[0.04509232],[3.61767871]
418,WAN,32,2000,750,[0.53230275],[0.05323194],[3.70099962]
419,WAN,32,2000,1000,[0.52724864],[0.05876272],[3.72094309]
420,WAN,21,3000,300,[0.55172173],[0.03513826],[3.62335158]
421,WAN,21,3000,500,[0.5531419],[0.04144734],[3.61760756]
422,WAN,21,3000,750,[0.53293992],[0.04699384],[3.69847772]
423,WAN,21,3000,1000,[0.53133863],[0.05272916],[3.70481231]
424,WAN,16,4000,300,[0.53294224],[0.03673678],[3.69846854]
425,WAN,16,4000,500,[0.54324837],[0.0436897],[3.65743561]
426,WAN,16,4000,750,[0.53496775],[0.05057905],[3.69044019]
427,WAN,16,4000,1000,[0.53614427],[0.05496168],[3.68576887]
